region_name,year,County ANSI,acres_harvested,acres_planted,production_lb,yield_lb_acre,tavg_mean,tmax_mean,tmin_mean,prcp_total,extreme_heat_days,heavy_rain_days
ALACHUA,1991,1.0,2300.0,,6440000.0,2800.0,25.16065420560748,31.063271028037384,19.25817757009346,969.99,98,6
ALACHUA,1992,1.0,1800.0,,4919000.0,2735.0,23.957056074766356,30.102383177570093,17.811495327102804,974.0,80,6
ALACHUA,1993,1.0,1700.0,,3569000.0,2100.0,24.37434579439252,31.1203738317757,17.62789719626168,786.77,108,5
ALACHUA,1994,1.0,1600.0,1700.0,4713000.0,2945.0,24.51107476635514,30.662990654205608,18.35892523364486,943.16,75,7
ALACHUA,1995,1.0,1400.0,1600.0,4146000.0,2960.0,25.108551401869157,31.037943925233645,19.179626168224296,1010.09,87,13
ALACHUA,1996,1.0,1300.0,1500.0,4150000.0,3190.0,24.39495327102804,30.638644859813084,18.152009345794394,942.1,84,8
ALACHUA,1997,1.0,1500.0,1600.0,4807000.0,3205.0,24.32869158878505,30.6003738317757,18.05658878504673,1011.96,96,10
ALACHUA,1998,1.0,2600.0,2800.0,6569000.0,2525.0,25.7214953271028,31.95939252336449,19.48359813084112,808.26,112,8
ALACHUA,1999,1.0,2100.0,2300.0,5666000.0,2700.0,25.021168224299064,31.28233644859813,18.759532710280375,831.59,95,2
ALACHUA,2000,1.0,1900.0,2100.0,4612000.0,2425.0,24.406168224299066,31.067429906542056,17.745607476635513,782.15,105,4
ALACHUA,2001,1.0,1700.0,1800.0,4355000.0,2560.0,24.27467289719626,30.645607476635515,17.902943925233647,883.72,91,5
ALACHUA,2002,1.0,1000.0,1200.0,1739000.0,1740.0,25.336308411214954,31.256028037383178,19.415794392523363,996.8,96,6
ALACHUA,2003,1.0,3400.0,3700.0,8960000.0,2635.0,24.619906542056075,30.392570093457945,18.846495327102804,920.0699999999999,65,5
ALACHUA,2004,1.0,5600.0,5800.0,13552000.0,2420.0,24.979532710280374,31.10228971962617,18.856682242990654,1283.52,99,10
ALACHUA,2005,1.0,6300.0,6400.0,15372000.0,2440.0,24.70397196261682,30.54210280373832,18.865514018691588,937.39,87,8
ALACHUA,2006,1.0,4100.0,4300.0,13838000.0,3375.0,25.012757009345794,31.586028037383176,18.439626168224297,626.42,109,5
ALACHUA,2007,1.0,3400.0,3500.0,11209000.0,3295.0,25.035046728971963,31.1442523364486,18.926121495327102,828.65,100,7
CALHOUN,1991,13.0,5750.0,,12736000.0,2215.0,24.57915887850467,30.282429906542053,18.875420560747664,1002.36,69,7
CALHOUN,1992,13.0,3700.0,,9135000.0,2470.0,23.33252336448598,29.423317757009347,17.24107476635514,902.91,59,10
CALHOUN,1993,13.0,3500.0,,8191000.0,2340.0,23.687102803738316,30.259532710280375,17.114532710280372,620.74,94,3
CALHOUN,1994,13.0,3500.0,3800.0,7540000.0,2155.0,23.662242990654207,29.247289719626167,18.077616822429906,1254.81,35,16
CALHOUN,1995,13.0,3500.0,3600.0,7816000.0,2235.0,24.3653738317757,30.501869158878502,18.22836448598131,874.66,89,11
CALHOUN,1996,13.0,3300.0,3500.0,9195000.0,2785.0,23.58018691588785,29.65822429906542,17.501869158878506,955.73,64,11
CALHOUN,1997,13.0,3600.0,3900.0,8644000.0,2400.0,23.403457943925233,29.357990654205604,17.44752336448598,854.3,58,6
CALHOUN,1998,13.0,3900.0,4300.0,11481000.0,2945.0,25.212616822429908,31.254252336448598,19.171355140186915,999.56,102,9
CALHOUN,1999,13.0,3900.0,4200.0,9635000.0,2470.0,24.417803738317755,30.445467289719627,18.390093457943927,808.22,67,6
CALHOUN,2000,13.0,4300.0,4600.0,10881000.0,2530.0,24.400841121495326,31.207009345794393,17.595,603.99,110,4
CALHOUN,2001,13.0,3500.0,3800.0,10436000.0,2980.0,23.61607476635514,29.836355140186914,17.395654205607478,869.42,66,4
CALHOUN,2002,13.0,3200.0,3600.0,7634000.0,2385.0,24.872289719626167,30.476168224299062,19.267616822429908,1035.73,75,10
CALHOUN,2003,13.0,3600.0,3900.0,10535000.0,2925.0,24.04126168224299,29.599579439252338,18.483504672897194,1039.23,43,9
CALHOUN,2004,13.0,4600.0,5100.0,12788000.0,2780.0,24.207757009345794,30.126355140186917,18.28943925233645,879.6,73,8
CALHOUN,2005,13.0,2800.0,3100.0,6888000.0,2460.0,24.062616822429906,29.8453738317757,18.27967289719626,1062.59,77,10
CALHOUN,2006,13.0,2600.0,2800.0,6799000.0,2615.0,24.654065420560748,31.137242990654205,18.170467289719625,716.83,109,6
CALHOUN,2007,13.0,3700.0,4800.0,8362000.0,2260.0,24.542616822429906,30.88355140186916,18.201588785046727,575.88,96,2
CALHOUN,2010,13.0,3900.0,4000.0,14000000.0,3590.0,25.108364485981305,31.40733644859813,18.809485981308413,694.0799999999999,102,4
CALHOUN,2011,13.0,3600.0,3900.0,12600000.0,3500.0,24.618971962616822,31.499299065420562,17.739018691588786,553.72,116,4
CALHOUN,2012,13.0,4400.0,4700.0,12500000.0,2841.0,24.439532710280375,30.522943925233644,18.35663551401869,929.29,80,10
CALHOUN,2015,13.0,3900.0,4100.0,12400000.0,3179.0,25.29163551401869,31.235280373831777,19.34799065420561,826.11,96,4
CALHOUN,2017,13.0,5600.0,6000.0,23800000.0,4250.0,24.659158878504673,30.64448598130841,18.674158878504674,1007.57,80,11
CALHOUN,2018,13.0,3700.0,5100.0,14330000.0,3873.0,25.057897196261685,30.92247663551402,19.192383177570093,1006.8199999999999,98,6
CALHOUN,2020,13.0,6450.0,7200.0,24250000.0,3760.0,24.96476635514019,30.724345794392523,19.205981308411214,1262.23,96,12
CALHOUN,2022,13.0,5550.0,5900.0,23320000.0,4202.0,24.555934579439253,30.78626168224299,18.325607476635515,945.39,90,6
CALHOUN,2024,13.0,8160.0,8700.0,29520000.0,3618.0,25.235,31.197757009345793,19.272056074766358,1099.32,105,10
COLUMBIA,1991,23.0,2050.0,,5023000.0,2450.0,24.73967289719626,30.540373831775703,18.939299065420563,1101.71,77,9
COLUMBIA,1992,23.0,1200.0,,2664000.0,2220.0,23.558084112149533,29.829859813084113,17.286214953271028,927.51,76,5
COLUMBIA,1993,23.0,1200.0,,2448000.0,2040.0,24.021915887850465,30.96677570093458,17.076962616822428,692.52,109,5
COLUMBIA,1994,23.0,1600.0,1800.0,3869000.0,2420.0,24.005981308411215,30.09929906542056,17.911682242990654,976.22,61,8
COLUMBIA,1995,23.0,1500.0,2100.0,3677000.0,2450.0,24.668598130841122,30.8888785046729,18.448785046728972,900.63,92,14
COLUMBIA,1996,23.0,1900.0,2000.0,3770000.0,1985.0,24.013364485981306,30.388130841121498,17.638644859813084,915.92,81,9
COLUMBIA,1997,23.0,3100.0,3300.0,5045000.0,1625.0,23.843177570093456,30.161448598130843,17.525233644859814,877.89,84,7
COLUMBIA,1998,23.0,3900.0,4200.0,4703000.0,1205.0,25.417570093457943,31.699392523364487,19.135560747663554,920.49,105,11
COLUMBIA,1999,23.0,4000.0,4300.0,7355000.0,1840.0,24.643271028037383,31.028364485981307,18.259112149532708,801.18,91,6
COLUMBIA,2000,23.0,4000.0,4300.0,6098000.0,1525.0,24.129813084112147,30.95976635514019,17.299906542056075,728.03,104,3
COLUMBIA,2001,23.0,3900.0,4300.0,6039000.0,1550.0,23.958411214953273,30.519439252336447,17.39677570093458,816.58,85,6
COLUMBIA,2002,23.0,3600.0,4000.0,4467000.0,1240.0,25.04570093457944,31.087009345794392,19.004532710280376,786.38,93,4
COLUMBIA,2003,23.0,3700.0,4000.0,6660000.0,1800.0,24.13051401869159,29.97252336448598,18.289392523364484,928.5799999999999,59,6
COLUMBIA,2004,23.0,3000.0,4000.0,6330000.0,2110.0,24.53271028037383,30.79177570093458,18.274018691588786,1226.6599999999999,89,10
COLUMBIA,2005,23.0,4400.0,4700.0,10956000.0,2490.0,24.311355140186915,30.338925233644858,18.283831775700932,948.54,90,7
COLUMBIA,2006,23.0,3500.0,4000.0,8068000.0,2305.0,24.650794392523366,31.41126168224299,17.88873831775701,716.26,105,6
COLUMBIA,2008,23.0,3600.0,3800.0,8900000.0,2470.0,24.248130841121498,30.542570093457943,17.953598130841122,880.76,88,6
COLUMBIA,2011,23.0,5900.0,6500.0,19200000.0,3254.0,24.90841121495327,32.07719626168224,17.739953271028035,796.8,135,10
COLUMBIA,2012,23.0,8000.0,8500.0,23500000.0,2938.0,24.562757009345795,30.80728971962617,18.3196261682243,1355.01,86,12
COLUMBIA,2018,23.0,4800.0,4800.0,17640000.0,3675.0,24.806495327102805,30.743738317757007,18.868971962616822,946.38,93,4
COLUMBIA,2020,23.0,3150.0,3300.0,9450000.0,3000.0,24.66981308411215,30.47214953271028,18.867102803738316,1132.8,74,6
ESCAMBIA,1999,33.0,1100.0,1200.0,2974000.0,2705.0,24.42233644859813,30.186542056074767,18.658551401869158,838.17,61,7
ESCAMBIA,2000,33.0,1200.0,1200.0,2498000.0,2080.0,24.53602803738318,30.931214953271027,18.1407476635514,549.44,100,3
ESCAMBIA,2001,33.0,500.0,600.0,2019000.0,4040.0,23.669205607476634,29.489626168224298,17.848317757009344,782.04,52,7
ESCAMBIA,2002,33.0,1700.0,1900.0,5498000.0,3235.0,25.017429906542056,30.361542056074764,19.67359813084112,1095.35,84,8
ESCAMBIA,2003,33.0,6900.0,7400.0,25444000.0,3690.0,24.026308411214952,29.305420560747663,18.746915887850466,1259.46,32,13
ESCAMBIA,2004,33.0,7700.0,9000.0,25718000.0,3340.0,24.184766355140187,29.810093457943925,18.559626168224302,1089.9,56,12
ESCAMBIA,2005,33.0,8600.0,9000.0,23392000.0,2720.0,24.114158878504675,29.779953271028038,18.448317757009345,1242.23,73,14
ESCAMBIA,2006,33.0,5300.0,5700.0,14019000.0,2645.0,24.747803738317756,30.9042523364486,18.59177570093458,728.4,98,6
ESCAMBIA,2007,33.0,6500.0,7400.0,18070000.0,2780.0,24.594485981308413,30.45322429906542,18.735280373831774,870.45,88,9
ESCAMBIA,2008,33.0,7600.0,8000.0,27375000.0,3600.0,24.063831775700933,29.512663551401868,18.61481308411215,915.97,66,10
ESCAMBIA,2009,33.0,4600.0,4800.0,14770000.0,3210.0,24.378878504672898,29.53065420560748,19.226775700934578,1063.36,58,9
ESCAMBIA,2010,33.0,7100.0,7400.0,30200000.0,4254.0,25.03803738317757,30.85299065420561,19.223457943925233,770.36,100,6
ESCAMBIA,2011,33.0,6100.0,6600.0,25500000.0,4180.0,24.594485981308413,30.804719626168225,18.38584112149533,628.61,100,6
ESCAMBIA,2012,33.0,8000.0,8400.0,35000000.0,4375.0,24.31126168224299,29.86299065420561,18.75929906542056,1020.47,60,10
ESCAMBIA,2013,33.0,5900.0,6400.0,24800000.0,4203.0,23.97107476635514,29.16420560747664,18.77733644859813,1030.75,59,11
ESCAMBIA,2014,33.0,6900.0,7200.0,28600000.0,4145.0,23.944953271028037,29.580280373831776,18.31051401869159,1107.09,70,12
ESCAMBIA,2015,33.0,9200.0,9600.0,34850000.0,3788.0,24.876682242990654,30.413130841121493,19.339953271028037,962.53,80,9
ESCAMBIA,2016,33.0,6000.0,6500.0,25000000.0,4167.0,25.13322429906542,30.586401869158877,19.679953271028037,818.76,84,5
ESCAMBIA,2017,33.0,9300.0,9700.0,36400000.0,3914.0,24.26172897196262,29.216355140186916,19.307990654205607,1547.09,38,15
ESCAMBIA,2019,33.0,8200.0,8200.0,32700000.0,3988.0,24.999532710280373,30.693177570093457,19.305841121495327,872.89,97,12
ESCAMBIA,2020,33.0,8510.0,9300.0,29360000.0,3450.0,24.554906542056074,29.796915887850467,19.313224299065418,1293.67,67,12
ESCAMBIA,2021,33.0,9510.0,9900.0,35090000.0,3690.0,24.280981308411217,29.33551401869159,19.226775700934578,1550.45,46,16
ESCAMBIA,2022,33.0,6600.0,7300.0,24630000.0,3732.0,24.739859813084113,30.281261682242988,19.198177570093456,1069.09,73,12
ESCAMBIA,2023,33.0,8720.0,9100.0,24790000.0,2843.0,25.14714953271028,30.90275700934579,19.391495327102803,698.99,99,8
ESCAMBIA,2024,33.0,8590.0,9000.0,36280000.0,4224.0,25.146214953271027,30.644158878504676,19.64803738317757,865.62,88,7
GADSDEN,1991,39.0,2300.0,,5003000.0,2175.0,24.53355140186916,30.549299065420563,18.517990654205608,1021.8100000000001,79,8
GADSDEN,1992,39.0,700.0,,1657000.0,2365.0,23.323878504672898,29.742616822429905,16.904532710280375,814.95,69,7
GADSDEN,1993,39.0,800.0,,1730000.0,2165.0,23.823271028037386,30.811915887850468,16.83443925233645,670.4399999999999,104,4
GADSDEN,1994,39.0,700.0,800.0,1337000.0,1910.0,23.55448598130841,29.46719626168224,17.64233644859813,1487.64,48,15
GADSDEN,1995,39.0,700.0,700.0,1395000.0,1995.0,24.29663551401869,30.636355140186918,17.95714953271028,977.58,97,10
GADSDEN,1996,39.0,700.0,700.0,1408000.0,2010.0,23.552990654205608,30.04060747663551,17.065467289719628,929.38,79,8
GADSDEN,1997,39.0,800.0,900.0,2267000.0,2835.0,23.19654205607477,29.424065420560748,16.96873831775701,937.22,61,10
GADSDEN,1998,39.0,700.0,800.0,1200000.0,1715.0,25.21079439252336,31.58644859813084,18.83621495327103,899.45,110,7
GADSDEN,1999,39.0,600.0,700.0,1237000.0,2060.0,24.425140186915886,30.81341121495327,18.03714953271028,735.64,84,7
GADSDEN,2000,39.0,400.0,500.0,759000.0,1900.0,24.27448598130841,31.286588785046728,17.26341121495327,729.1,113,8
GADSDEN,2001,39.0,400.0,500.0,935000.0,2340.0,23.34929906542056,29.70873831775701,16.990514018691588,959.4399999999999,54,9
GADSDEN,2002,39.0,400.0,400.0,749000.0,1875.0,24.878037383177567,30.85897196261682,18.896822429906543,778.92,93,6
GADSDEN,2003,39.0,700.0,700.0,1478000.0,2110.0,23.683084112149533,29.557523364485984,17.808691588785045,865.77,48,5
GADSDEN,2004,39.0,700.0,800.0,1498000.0,2140.0,24.086635514018692,30.159719626168226,18.013878504672896,948.47,71,11
GADSDEN,2005,39.0,1300.0,1300.0,2509000.0,1930.0,23.871495327102803,29.860934579439252,17.882242990654206,1235.82,78,13
GADSDEN,2006,39.0,900.0,900.0,2034000.0,2260.0,24.219252336448598,30.973084112149532,17.465467289719626,683.38,103,9
GADSDEN,2007,39.0,900.0,1000.0,1134000.0,1260.0,24.501822429906543,31.03771028037383,17.96700934579439,583.3,94,2
GADSDEN,2013,39.0,1200.0,1300.0,3800000.0,3167.0,23.88467289719626,29.51378504672897,18.255093457943925,1006.19,65,10
GILCHRIST,1991,41.0,800.0,,1900000.0,2375.0,24.930934579439253,30.705327102803736,19.15668224299065,1022.47,75,6
GILCHRIST,1992,41.0,400.0,,805000.0,2015.0,23.737710280373832,30.04018691588785,17.435233644859814,908.29,79,6
GILCHRIST,1993,41.0,400.0,,783000.0,1960.0,24.108177570093456,30.85429906542056,17.362710280373832,775.58,100,6
GILCHRIST,1994,41.0,400.0,400.0,990000.0,2475.0,24.180280373831774,30.187943925233647,18.172616822429905,1029.98,59,10
GILCHRIST,1995,41.0,400.0,500.0,1006000.0,2515.0,24.79392523364486,30.868364485981306,18.72,960.47,93,10
GILCHRIST,1996,41.0,400.0,500.0,900000.0,2250.0,24.146869158878506,30.2511214953271,18.043271028037385,1004.3,78,11
GILCHRIST,1997,41.0,700.0,700.0,1611000.0,2300.0,24.002009345794395,30.262897196261683,17.739953271028035,1000.3,80,11
GILCHRIST,1998,41.0,900.0,1000.0,1964000.0,2180.0,25.39593457943925,31.51303738317757,19.27855140186916,889.83,104,11
GILCHRIST,1999,41.0,1200.0,1200.0,2733000.0,2280.0,24.82803738317757,31.114345794392523,18.541869158878505,861.82,91,7
GILCHRIST,2000,41.0,400.0,400.0,512000.0,1280.0,24.178224299065423,30.886355140186918,17.46943925233645,873.64,96,5
GILCHRIST,2001,41.0,800.0,800.0,1972000.0,2465.0,24.08719626168224,30.551728971962614,17.622710280373834,886.38,82,8
GILCHRIST,2002,41.0,1900.0,2100.0,3165000.0,1665.0,25.187429906542054,31.14158878504673,19.232990654205604,918.61,89,3
GILCHRIST,2003,41.0,2100.0,2300.0,5276000.0,2510.0,24.38696261682243,30.09546728971963,18.677897196261682,878.96,54,5
GILCHRIST,2004,41.0,4400.0,4500.0,9284000.0,2110.0,24.725093457943924,30.856168224299065,18.5946261682243,1240.2,93,10
GILCHRIST,2005,41.0,3400.0,3700.0,11271000.0,3315.0,24.495981308411217,30.413504672897194,18.577383177570095,955.13,86,8
GILCHRIST,2006,41.0,4500.0,4900.0,9000000.0,2000.0,24.760654205607477,31.372336448598134,18.148084112149533,622.15,101,5
GILCHRIST,2007,41.0,4500.0,4700.0,12262500.0,2725.0,24.875981308411216,31.127616822429907,18.624205607476636,708.93,97,4
HAMILTON,2003,47.0,700.0,700.0,2151000.0,3075.0,23.90196261682243,29.805654205607475,17.998411214953272,971.36,55,8
HAMILTON,2004,47.0,1400.0,1600.0,3822000.0,2730.0,24.35859813084112,30.67556074766355,18.042990654205607,1190.72,90,10
HAMILTON,2005,47.0,3400.0,3600.0,9146000.0,2690.0,24.058598130841123,30.120981308411217,17.996635514018692,900.78,87,9
HAMILTON,2006,47.0,3000.0,3300.0,7185000.0,2395.0,24.40696261682243,31.18032710280374,17.633598130841122,628.86,101,3
HAMILTON,2010,47.0,4300.0,4900.0,17500000.0,4070.0,24.950934579439252,31.705280373831776,18.19663551401869,751.28,118,4
HAMILTON,2011,47.0,6200.0,6700.0,24500000.0,3952.0,24.54803738317757,31.788644859813086,17.307383177570095,704.24,129,7
HOLMES,1991,59.0,7400.0,,15614000.0,2110.0,24.221822429906542,30.21191588785047,18.231355140186917,839.9,72,5
HOLMES,1992,59.0,6100.0,,12036000.0,1975.0,23.13289719626168,29.057710280373833,17.208504672897195,827.47,54,7
HOLMES,1993,59.0,6000.0,,11873000.0,1980.0,23.71929906542056,30.154766355140186,17.283644859813084,573.02,94,2
HOLMES,1994,59.0,5800.0,6300.0,8959000.0,1545.0,23.444252336448596,29.022196261682243,17.866682242990652,1259.06,39,14
HOLMES,1995,59.0,5300.0,5500.0,9090000.0,1715.0,24.186074766355137,30.35252336448598,18.020467289719626,888.4,91,9
HOLMES,1996,59.0,4500.0,4900.0,11401000.0,2535.0,23.413224299065423,29.589018691588787,17.23696261682243,882.5,72,8
HOLMES,1997,59.0,4600.0,5000.0,8697000.0,1890.0,23.178130841121494,29.183130841121493,17.173271028037384,863.1700000000001,59,7
HOLMES,1998,59.0,4500.0,4900.0,8999000.0,2000.0,24.87247663551402,30.881028037383178,18.86373831775701,944.9,97,9
HOLMES,1999,59.0,4600.0,5000.0,9208000.0,2000.0,24.014859813084115,30.172523364485983,17.857943925233645,791.45,63,8
HOLMES,2000,59.0,3500.0,3800.0,5997000.0,1715.0,24.122663551401867,31.03514018691589,17.209859813084112,516.5,102,4
HOLMES,2001,59.0,3900.0,4300.0,9360000.0,2400.0,23.568130841121494,29.82411214953271,17.312616822429906,816.87,69,6
HOLMES,2002,59.0,3400.0,3700.0,6533000.0,1920.0,24.780420560747665,30.51481308411215,19.045654205607477,1013.37,83,11
HOLMES,2003,59.0,3900.0,4200.0,11233000.0,2880.0,24.009579439252338,29.713504672897194,18.30588785046729,1125.06,50,11
HOLMES,2004,59.0,3500.0,4000.0,9800000.0,2800.0,24.084953271028038,30.300467289719627,17.869532710280374,1098.3600000000001,82,11
HOLMES,2005,59.0,4900.0,5100.0,11515000.0,2350.0,24.121728971962618,30.247897196261682,17.994672897196264,951.1,93,9
HOLMES,2006,59.0,4600.0,4900.0,12926000.0,2810.0,24.631028037383178,31.480280373831775,17.781495327102803,655.15,113,6
HOLMES,2007,59.0,4000.0,4400.0,9620000.0,2405.0,24.689252336448597,31.297616822429905,18.08088785046729,737.26,113,6
HOLMES,2008,59.0,4800.0,5100.0,13800000.0,2875.0,23.987943925233644,30.16196261682243,17.814299065420563,807.63,90,9
HOLMES,2009,59.0,3500.0,3700.0,9800000.0,2800.0,24.334252336448596,30.071028037383176,18.596822429906542,1199.72,79,16
HOLMES,2010,59.0,5400.0,5700.0,12800000.0,2370.0,25.175420560747664,31.981028037383176,18.369018691588785,641.72,109,2
HOLMES,2011,59.0,6400.0,7100.0,18500000.0,2891.0,24.512663551401868,31.674439252336448,17.350654205607476,585.52,113,4
HOLMES,2012,59.0,7800.0,8400.0,27900000.0,3577.0,24.042523364485984,30.32154205607477,17.762757009345794,972.8,75,10
HOLMES,2013,59.0,4600.0,4900.0,10100000.0,2196.0,23.616401869158878,29.46088785046729,17.77200934579439,1245.1100000000001,71,14
HOLMES,2014,59.0,4700.0,4900.0,14500000.0,3085.0,24.061168224299067,30.28967289719626,17.831915887850467,976.9300000000001,92,11
HOLMES,2015,59.0,5200.0,6100.0,16400000.0,3154.0,24.917242990654206,30.97088785046729,18.862990654205607,991.9300000000001,98,7
HOLMES,2016,59.0,5000.0,5400.0,15200000.0,3040.0,24.804672897196262,31.198644859813086,18.41107476635514,768.99,104,3
HOLMES,2024,59.0,8000.0,8400.0,24310000.0,3039.0,24.912476635514018,31.11355140186916,18.710841121495328,982.21,101,10
JACKSON,1991,63.0,49850.0,,109172000.0,2190.0,24.641635514018695,30.500186915887852,18.78373831775701,830.21,80,2
JACKSON,1992,63.0,34500.0,,88025000.0,2550.0,23.51032710280374,29.620233644859812,17.399906542056076,774.99,69,4
JACKSON,1993,63.0,37100.0,,81485000.0,2195.0,24.067056074766356,30.78873831775701,17.345046728971962,561.91,103,2
JACKSON,1994,63.0,35300.0,38000.0,82453000.0,2335.0,23.78056074766355,29.399205607476638,18.161869158878503,1148.24,48,12
JACKSON,1995,63.0,33100.0,34700.0,68655000.0,2075.0,24.622289719626167,30.90107476635514,18.34373831775701,820.95,100,10
JACKSON,1996,63.0,29900.0,32500.0,77660000.0,2595.0,23.714532710280373,30.00065420560748,17.428130841121494,854.33,79,10
JACKSON,1997,63.0,29100.0,31500.0,73820000.0,2535.0,23.562616822429906,29.590607476635515,17.534719626168222,818.15,68,5
JACKSON,1998,63.0,30100.0,32300.0,78701000.0,2615.0,25.251682242990654,31.421355140186915,19.08210280373832,947.1,108,9
JACKSON,1999,63.0,29600.0,31800.0,81098000.0,2740.0,24.540373831775703,30.74429906542056,18.33626168224299,785.26,84,7
JACKSON,2000,63.0,27500.0,29800.0,65168000.0,2370.0,24.641869158878503,31.59518691588785,17.688317757009347,603.33,114,5
JACKSON,2001,63.0,27600.0,30400.0,82620000.0,2995.0,23.868411214953273,30.274906542056076,17.46196261682243,869.15,79,6
JACKSON,2002,63.0,25000.0,28000.0,59941000.0,2400.0,25.03789719626168,30.784672897196263,19.291495327102805,1134.46,96,11
JACKSON,2003,63.0,30600.0,32900.0,88631000.0,2895.0,24.082570093457946,29.72084112149533,18.444345794392525,905.91,48,8
JACKSON,2004,63.0,31700.0,35200.0,83366000.0,2630.0,24.298271028037384,30.28322429906542,18.313457943925233,865.83,77,6
JACKSON,2005,63.0,35400.0,37000.0,87084000.0,2460.0,24.139392523364485,30.04696261682243,18.231822429906543,1008.22,85,9
JACKSON,2006,63.0,28600.0,30600.0,62205000.0,2175.0,24.649252336448598,31.303224299065423,17.994859813084112,605.28,114,6
JACKSON,2007,63.0,26500.0,28700.0,65720000.0,2480.0,24.754532710280376,31.278971962616822,18.22981308411215,517.12,117,2
JACKSON,2008,63.0,36300.0,38700.0,111200000.0,3065.0,24.058971962616823,30.06873831775701,18.048785046728973,892.23,85,9
JACKSON,2009,63.0,31900.0,33700.0,96180000.0,3015.0,24.365280373831776,29.949018691588787,18.78144859813084,986.02,72,11
JACKSON,2010,63.0,32200.0,34000.0,89000000.0,2764.0,25.281261682242988,31.851495327102803,18.71121495327103,605.57,107,4
JACKSON,2011,63.0,29500.0,32300.0,99000000.0,3356.0,24.679672897196262,31.711355140186914,17.64855140186916,495.42,119,3
JACKSON,2012,63.0,33500.0,36300.0,125000000.0,3731.0,24.3392523364486,30.299766355140186,18.37878504672897,847.81,76,7
JACKSON,2013,63.0,21800.0,23500.0,75700000.0,3472.0,23.79406542056075,29.49014018691589,18.097943925233643,1042.24,65,9
JACKSON,2014,63.0,35300.0,37000.0,125700000.0,3561.0,24.239392523364483,30.292149532710283,18.18682242990654,876.25,89,9
JACKSON,2015,63.0,39900.0,41500.0,124100000.0,3110.0,25.146915887850465,31.065794392523365,19.22719626168224,808.24,100,6
JACKSON,2016,63.0,31200.0,33200.0,113000000.0,3622.0,24.935280373831773,31.154205607476637,18.716214953271027,758.75,100,6
JACKSON,2017,63.0,36800.0,38500.0,143200000.0,3891.0,24.64028037383178,30.581915887850467,18.697897196261682,922.27,82,11
JACKSON,2018,63.0,29300.0,33600.0,112600000.0,3843.0,25.080233644859813,30.87967289719626,19.281495327102803,938.05,99,6
JACKSON,2019,63.0,31800.0,34800.0,106000000.0,3333.0,25.65644859813084,31.97336448598131,19.33985981308411,668.14,126,4
JACKSON,2020,63.0,37400.0,39300.0,118970000.0,3181.0,24.845280373831777,30.599859813084112,19.089953271028037,1221.3400000000001,92,8
JACKSON,2021,63.0,38400.0,39900.0,136830000.0,3563.0,24.234392523364484,30.054532710280373,18.414018691588783,1244.17,74,13
JACKSON,2022,63.0,36000.0,37300.0,133980000.0,3722.0,24.432056074766354,30.66485981308411,18.1992523364486,942.15,90,7
JACKSON,2023,63.0,40400.0,42200.0,136430000.0,3377.0,24.73359813084112,30.935420560747666,18.532009345794393,555.29,94,3
JACKSON,2024,63.0,41300.0,42700.0,122100000.0,2956.0,25.053130841121494,31.16102803738318,18.944345794392525,1101.89,105,11
JEFFERSON,1991,65.0,1150.0,,3594000.0,3125.0,24.60644859813084,30.541495327102805,18.671168224299066,894.85,80,3
JEFFERSON,1992,65.0,1000.0,,2726000.0,2725.0,23.3303738317757,29.669205607476634,16.991682242990652,764.74,69,6
JEFFERSON,1993,65.0,1000.0,,2095000.0,2095.0,23.934672897196265,30.740467289719625,17.12873831775701,629.41,104,4
JEFFERSON,1994,65.0,1000.0,1100.0,2400000.0,2400.0,23.738644859813082,29.38504672897196,18.093130841121493,1497.69,38,16
JEFFERSON,1995,65.0,900.0,1100.0,2491000.0,2770.0,24.341728971962617,30.447990654205608,18.23607476635514,858.6,89,10
JEFFERSON,1996,65.0,900.0,1000.0,2078000.0,2310.0,23.60214953271028,29.879065420560746,17.325794392523363,966.11,72,10
JEFFERSON,1997,65.0,900.0,1000.0,2625000.0,2915.0,23.455794392523366,29.571728971962617,17.339813084112148,994.28,65,9
JEFFERSON,1998,65.0,800.0,900.0,2420000.0,3025.0,25.256121495327104,31.381028037383178,19.131168224299067,949.83,106,11
JEFFERSON,1999,65.0,700.0,800.0,1952000.0,2790.0,24.57626168224299,30.801869158878507,18.351121495327103,780.64,85,8
JEFFERSON,2000,65.0,700.0,800.0,2707000.0,3865.0,24.04378504672897,30.759018691588786,17.327570093457943,759.76,100,6
JEFFERSON,2001,65.0,800.0,800.0,2544000.0,3180.0,23.5338785046729,29.844158878504672,17.22411214953271,869.6,65,6
JEFFERSON,2002,65.0,600.0,700.0,1527000.0,2545.0,25.07014018691589,30.843457943925234,19.296682242990652,741.06,88,3
JEFFERSON,2003,65.0,1000.0,1100.0,2400000.0,2400.0,23.830280373831776,29.429719626168225,18.23088785046729,1093.29,39,12
JEFFERSON,2004,65.0,1200.0,1700.0,2778000.0,2315.0,24.264532710280374,30.198971962616824,18.330280373831776,1035.44,73,11
JEFFERSON,2005,65.0,2100.0,2400.0,5586000.0,2660.0,23.965934579439253,29.710467289719627,18.22144859813084,1049.88,79,9
JEFFERSON,2006,65.0,1700.0,1800.0,3825000.0,2250.0,24.45406542056075,30.970233644859814,17.938411214953273,594.56,100,4
JEFFERSON,2009,65.0,1800.0,1900.0,5630000.0,3130.0,24.4661214953271,30.153177570093458,18.780093457943927,916.54,76,8
JEFFERSON,2013,65.0,1400.0,1500.0,4900000.0,3500.0,24.08542056074766,29.670233644859813,18.5003738317757,1065.77,69,11
LAFAYETTE,2005,67.0,1400.0,1500.0,3661000.0,2615.0,24.323177570093456,30.39738317757009,18.24822429906542,977.59,93,6
LAFAYETTE,2006,67.0,1400.0,1600.0,3304000.0,2360.0,24.495093457943923,31.086355140186914,17.904018691588785,683.42,94,4
LAFAYETTE,2013,67.0,1400.0,1400.0,7200000.0,5143.0,24.47714953271028,30.46485981308411,18.489719626168224,1092.75,92,11
LAFAYETTE,2014,67.0,4000.0,4200.0,18600000.0,4650.0,24.698925233644857,30.942009345794393,18.45658878504673,1157.88,100,11
LAFAYETTE,2015,67.0,4500.0,4600.0,19600000.0,4356.0,25.462056074766355,31.32878504672897,19.5957476635514,950.59,114,6
LEON,1991,73.0,950.0,,1952000.0,2055.0,24.692757009345794,30.747383177570093,18.638177570093458,953.14,83,6
LEON,1992,73.0,1000.0,,1953000.0,1955.0,23.359579439252336,29.859485981308413,16.859345794392524,822.3100000000001,76,8
LEON,1993,73.0,600.0,,1083000.0,1805.0,23.95266355140187,30.934205607476635,16.970981308411215,687.89,105,4
LEON,1994,73.0,400.0,500.0,804000.0,2010.0,23.759018691588786,29.611308411214953,17.90607476635514,1524.54,51,14
LEON,1995,73.0,400.0,400.0,1020000.0,2550.0,24.44658878504673,30.70892523364486,18.183644859813086,878.8199999999999,93,10
LEON,1996,73.0,300.0,400.0,1003000.0,3345.0,23.632009345794394,30.10032710280374,17.163971962616824,911.58,82,8
LEVY,1991,75.0,5800.0,,16501000.0,2845.0,25.142757009345797,30.69056074766355,19.5953738317757,1035.44,72,6
LEVY,1992,75.0,4000.0,,13017000.0,3255.0,24.06336448598131,29.89915887850467,18.227429906542056,894.18,67,3
LEVY,1993,75.0,4200.0,,10347000.0,2465.0,24.373691588785046,30.60088785046729,18.14752336448598,805.95,95,5
LEVY,1994,75.0,4600.0,5100.0,14099000.0,3065.0,24.511214953271026,30.186682242990653,18.83532710280374,974.73,54,6
LEVY,1995,75.0,5500.0,6300.0,16920000.0,3075.0,25.10182242990654,30.69836448598131,19.504485981308413,1077.48,75,11
LEVY,1996,75.0,8300.0,9000.0,26960000.0,3250.0,24.38644859813084,30.073271028037386,18.700841121495326,968.34,63,9
LEVY,1997,75.0,8500.0,9200.0,31086000.0,3655.0,24.28789719626168,30.09836448598131,18.477523364485982,1000.35,74,10
LEVY,1998,75.0,9400.0,10100.0,27342000.0,2910.0,25.670373831775702,31.34929906542056,19.99214953271028,834.18,107,9
LEVY,1999,75.0,9800.0,10500.0,34088000.0,3480.0,25.17593457943925,31.042242990654206,19.30906542056075,813.88,87,4
LEVY,2000,75.0,11100.0,11900.0,34176000.0,3080.0,24.498504672897198,30.882056074766357,18.114859813084113,767.29,94,4
LEVY,2001,75.0,11000.0,12200.0,34753000.0,3160.0,24.38429906542056,30.44733644859813,18.3211214953271,997.57,83,6
LEVY,2002,75.0,11700.0,13100.0,24624000.0,2105.0,25.481355140186917,31.054345794392525,19.909018691588784,1009.46,86,6
LEVY,2003,75.0,15700.0,17100.0,49454000.0,3150.0,24.77532710280374,30.10266355140187,19.44822429906542,936.85,54,8
LEVY,2004,75.0,18600.0,19300.0,55232000.0,2970.0,25.01378504672897,30.693644859813084,19.33359813084112,1277.2,87,12
LEVY,2005,75.0,18400.0,19000.0,53444000.0,2905.0,24.875093457943926,30.26392523364486,19.485794392523363,995.33,81,8
LEVY,2006,75.0,13400.0,14100.0,36180000.0,2700.0,25.09827102803738,31.286869158878506,18.909953271028037,677.24,100,5
LEVY,2007,75.0,14400.0,14700.0,34695000.0,2410.0,25.22892523364486,31.10785046728972,19.349205607476634,777.63,97,4
LEVY,2009,75.0,10400.0,12000.0,33280000.0,3200.0,25.362710280373832,30.80056074766355,19.925794392523365,955.47,95,9
LEVY,2020,75.0,16400.0,17200.0,50840000.0,3100.0,25.759766355140187,30.87,20.649205607476638,1052.78,81,6
LEVY,2021,75.0,15600.0,16300.0,53820000.0,3450.0,25.427663551401867,30.660046728971963,20.19607476635514,1143.25,83,13
LEVY,2022,75.0,12400.0,13100.0,57160000.0,4610.0,25.4942523364486,31.234859813084114,19.753644859813082,764.02,105,5
LEVY,2023,75.0,13000.0,13600.0,52000000.0,4000.0,25.878971962616824,31.69271028037383,20.06588785046729,918.91,107,9
MADISON,1991,79.0,1600.0,,4416000.0,2760.0,24.4638785046729,30.377196261682244,18.550981308411213,986.86,73,4
MADISON,1992,79.0,500.0,,1379000.0,2760.0,23.21621495327103,29.596915887850468,16.836168224299065,854.01,69,4
MADISON,1993,79.0,700.0,,1739000.0,2485.0,23.87640186915888,30.711495327102806,17.04121495327103,589.02,102,3
MADISON,1994,79.0,900.0,900.0,2146000.0,2385.0,23.692943925233646,29.50392523364486,17.882009345794394,1268.74,38,14
MADISON,1995,79.0,800.0,900.0,2172000.0,2715.0,24.29556074766355,30.4803738317757,18.110654205607474,813.55,89,7
MADISON,1996,79.0,700.0,800.0,2339000.0,3340.0,23.54023364485981,29.860280373831777,17.220934579439252,947.55,69,9
MADISON,1997,79.0,1000.0,1100.0,2736000.0,2735.0,23.442056074766356,29.629813084112147,17.25467289719626,899.48,69,9
MADISON,1998,79.0,700.0,800.0,2383000.0,3405.0,25.07766355140187,31.215654205607475,18.939205607476634,959.07,103,10
MADISON,1999,79.0,700.0,700.0,1783000.0,2545.0,24.39747663551402,30.794392523364486,18.00014018691589,838.42,81,8
MADISON,2000,79.0,400.0,400.0,1388000.0,3470.0,23.84995327102804,30.680560747663552,17.020093457943926,666.76,94,5
MADISON,2001,79.0,400.0,500.0,1177000.0,2945.0,23.547663551401868,30.01070093457944,17.085140186915886,710.91,73,4
MADISON,2002,79.0,800.0,900.0,1886000.0,2360.0,24.8996261682243,30.80163551401869,18.997056074766355,720.24,85,3
MADISON,2003,79.0,2300.0,2400.0,8832000.0,3840.0,23.71841121495327,29.45397196261682,17.98322429906542,1061.8600000000001,40,10
MADISON,2004,79.0,2500.0,3000.0,6775000.0,2710.0,24.180280373831774,30.217803738317755,18.143317757009346,1165.68,75,9
MADISON,2005,79.0,7400.0,8000.0,18796000.0,2540.0,23.944018691588788,29.822523364485985,18.065981308411214,1018.27,81,9
MADISON,2006,79.0,6500.0,7200.0,16250000.0,2500.0,24.41803738317757,30.988317757009344,17.847570093457943,579.25,97,4
MADISON,2008,79.0,8100.0,8600.0,19800000.0,2445.0,23.943691588785047,30.225280373831776,17.661448598130843,903.48,78,10
MADISON,2010,79.0,7900.0,8500.0,31000000.0,3924.0,24.89780373831776,31.39158878504673,18.40429906542056,734.47,106,5
MADISON,2012,79.0,9700.0,10400.0,38000000.0,3918.0,24.26630841121495,30.289252336448598,18.243504672897195,1138.82,70,11
MADISON,2013,79.0,7300.0,7600.0,24500000.0,3356.0,23.955327102803736,29.77915887850467,18.13140186915888,1037.63,68,10
MADISON,2016,79.0,8800.0,9200.0,29500000.0,3352.0,25.00640186915888,31.276869158878505,18.735607476635515,933.16,101,7
MADISON,2017,79.0,13400.0,14000.0,50050000.0,3735.0,24.587757009345793,30.31196261682243,18.86327102803738,936.01,81,7
MADISON,2018,79.0,11800.0,12000.0,53650000.0,4547.0,24.824158878504672,30.351542056074763,19.297102803738316,1087.42,84,10
MARION,1991,83.0,3150.0,,8899000.0,2825.0,25.329112149532712,31.250467289719627,19.40873831775701,1030.42,97,6
MARION,1992,83.0,2100.0,,7404000.0,3525.0,24.256028037383178,30.336028037383176,18.17570093457944,950.86,80,4
MARION,1993,83.0,2300.0,,3635000.0,1580.0,24.54911214953271,30.993317757009343,18.104719626168222,743.03,99,5
MARION,1994,83.0,2500.0,2800.0,7680000.0,3070.0,24.911682242990654,30.936495327102804,18.886775700934578,1019.96,77,3
MARION,1995,83.0,2300.0,4000.0,6382000.0,2775.0,25.474859813084112,31.209065420560748,19.73995327102804,1102.31,93,13
MARION,1996,83.0,3600.0,3900.0,10750000.0,2985.0,24.7214953271028,30.777616822429906,18.66556074766355,866.95,86,7
MARION,1997,83.0,4200.0,4600.0,12768000.0,3040.0,24.703457943925233,30.807056074766354,18.599018691588785,869.6,96,7
MARION,1998,83.0,4600.0,5000.0,9813000.0,2135.0,25.987336448598132,31.946214953271028,20.02841121495327,712.82,108,4
MARION,1999,83.0,5600.0,6000.0,15244000.0,2720.0,25.355607476635516,31.381214953271027,19.330046728971965,834.99,97,3
MARION,2000,83.0,5000.0,5400.0,13611000.0,2720.0,24.821495327102806,31.33981308411215,18.303504672897194,697.89,110,3
MARION,2001,83.0,5000.0,5500.0,13840000.0,2770.0,24.655514018691587,30.793691588785048,18.51733644859813,904.01,94,2
MARION,2002,83.0,6700.0,7400.0,12306000.0,1835.0,25.672149532710282,31.382383177570095,19.96196261682243,1070.24,98,7
MARION,2003,83.0,7600.0,8300.0,21889000.0,2880.0,25.03911214953271,30.687570093457946,19.39028037383178,936.16,73,7
MARION,2004,83.0,8800.0,9200.0,24464000.0,2780.0,25.197990654205608,31.14196261682243,19.25289719626168,1260.6,100,11
MARION,2005,83.0,8500.0,9100.0,24055000.0,2830.0,25.07644859813084,30.72224299065421,19.43070093457944,1123.79,95,12
MARION,2006,83.0,6000.0,6700.0,15060000.0,2510.0,25.46051401869159,31.83607476635514,19.08551401869159,679.37,122,7
MARION,2020,83.0,5160.0,5400.0,14650000.0,2839.0,26.08967289719626,31.30841121495327,20.870607476635517,1113.44,92,3
OKALOOSA,1991,91.0,2050.0,,4848000.0,2365.0,24.21621495327103,29.883364485981307,18.549439252336448,1101.18,66,8
OKALOOSA,1992,91.0,800.0,,2090000.0,2615.0,23.226308411214955,29.209719626168226,17.242196261682242,875.23,54,7
OKALOOSA,1993,91.0,1100.0,,2401000.0,2185.0,23.54799065420561,29.712616822429908,17.382850467289717,734.05,82,2
OKALOOSA,1994,91.0,800.0,900.0,2104000.0,2630.0,23.515794392523365,29.007056074766357,18.024392523364487,1434.54,35,14
OKALOOSA,1995,91.0,800.0,900.0,2140000.0,2675.0,24.088925233644858,30.167056074766354,18.010747663551403,1168.1200000000001,79,7
OKALOOSA,1996,91.0,1200.0,1300.0,3578000.0,2980.0,23.448551401869157,29.436682242990653,17.46018691588785,980.0,64,8
OKALOOSA,1997,91.0,1200.0,1300.0,2718000.0,2265.0,23.27635514018692,29.099158878504674,17.45317757009346,937.42,62,8
OKALOOSA,1998,91.0,1600.0,1800.0,3974000.0,2485.0,24.837757009345793,30.632009345794394,19.04285046728972,1013.54,97,8
OKALOOSA,1999,91.0,3900.0,4100.0,11008000.0,2825.0,24.03570093457944,29.957803738317757,18.11336448598131,764.67,58,7
OKALOOSA,2000,91.0,4300.0,4600.0,9582000.0,2230.0,23.98584112149533,30.557196261682243,17.41570093457944,618.78,88,4
OKALOOSA,2001,91.0,1700.0,1800.0,5547000.0,3265.0,23.31018691588785,29.331869158878508,17.28855140186916,796.88,44,4
OKALOOSA,2002,91.0,2000.0,2200.0,5228000.0,2615.0,24.684205607476635,30.069532710280374,19.298271028037384,1066.51,64,9
OKALOOSA,2003,91.0,4700.0,5100.0,16903000.0,3595.0,23.759252336448597,29.141121495327102,18.377616822429907,1255.25,26,11
OKALOOSA,2004,91.0,4800.0,5600.0,15456000.0,3220.0,23.923878504672896,29.769158878504676,18.078364485981307,1073.35,58,9
OKALOOSA,2005,91.0,3100.0,3200.0,8060000.0,2600.0,23.79355140186916,29.635373831775702,17.95214953271028,1202.33,67,12
OKALOOSA,2006,91.0,1900.0,2000.0,4778000.0,2515.0,24.40948598130841,30.862850467289718,17.955654205607477,649.58,102,5
OKALOOSA,2007,91.0,1500.0,1800.0,4155000.0,2770.0,24.36261682242991,30.385186915887854,18.340327102803737,852.48,87,5
OKALOOSA,2008,91.0,3600.0,3800.0,14220000.0,3950.0,23.875607476635516,29.653271028037384,18.097943925233643,824.91,76,8
OKALOOSA,2010,91.0,2300.0,2400.0,6500000.0,2826.0,24.778271028037384,30.93915887850467,18.618177570093458,734.75,100,2
OKALOOSA,2011,91.0,1800.0,2000.0,6000000.0,3333.0,24.33429906542056,30.96182242990654,17.70570093457944,698.13,104,7
OKALOOSA,2012,91.0,3200.0,3400.0,14800000.0,4625.0,24.210093457943927,30.113598130841122,18.306495327102805,1043.15,63,11
OKALOOSA,2013,91.0,1700.0,1900.0,7200000.0,4235.0,23.887803738317757,29.282897196261683,18.491869158878504,1167.66,56,14
OKALOOSA,2014,91.0,2200.0,2300.0,6500000.0,2955.0,23.997757009345797,29.95144859813084,18.043644859813085,1060.52,79,9
OKALOOSA,2024,91.0,2290.0,2400.0,10000000.0,4367.0,25.092990654205607,30.945373831775704,19.24014018691589,849.99,97,6
SANTA ROSA,1991,113.0,15550.0,,41208000.0,2650.0,24.365280373831776,29.782570093457945,18.948271028037382,1090.55,64,12
SANTA ROSA,1992,113.0,9300.0,,29771000.0,3200.0,23.407523364485982,29.248177570093457,17.566355140186914,870.48,51,6
SANTA ROSA,1993,113.0,11600.0,,34028000.0,2935.0,23.687897196261684,29.673271028037384,17.70355140186916,845.87,84,4
SANTA ROSA,1994,113.0,12500.0,13700.0,39695000.0,3175.0,23.642242990654204,28.974579439252338,18.310000000000002,1333.07,36,15
SANTA ROSA,1995,113.0,11900.0,12400.0,35139000.0,2955.0,24.13841121495327,29.99467289719626,18.28196261682243,1355.5,73,8
SANTA ROSA,1996,113.0,12200.0,13200.0,43952000.0,3605.0,23.542196261682243,29.347710280373832,17.737196261682243,997.38,61,8
SANTA ROSA,1997,113.0,12100.0,13100.0,35376000.0,2925.0,23.370887850467287,29.133878504672897,17.60869158878505,929.12,63,8
SANTA ROSA,1998,113.0,13500.0,14500.0,39902000.0,2955.0,25.04233644859813,30.814018691588785,19.2703738317757,985.54,103,8
SANTA ROSA,1999,113.0,13500.0,14500.0,43911000.0,3255.0,24.33439252336449,30.161822429906543,18.507383177570095,816.7,61,7
SANTA ROSA,2000,113.0,10000.0,10800.0,29737000.0,2975.0,24.28841121495327,30.805280373831774,17.771355140186916,597.43,95,5
SANTA ROSA,2001,113.0,10400.0,11400.0,41784000.0,4020.0,23.544112149532708,29.538504672897194,17.550140186915886,726.56,53,3
SANTA ROSA,2002,113.0,11500.0,12900.0,32510000.0,2825.0,24.893878504672898,30.31630841121495,19.471261682242993,1084.54,80,7
SANTA ROSA,2003,113.0,16100.0,17300.0,53774000.0,3340.0,23.91878504672897,29.330514018691588,18.50766355140187,1162.04,32,12
SANTA ROSA,2004,113.0,17700.0,19500.0,57702000.0,3260.0,24.047757009345794,29.840327102803737,18.255280373831777,1146.44,60,13
SANTA ROSA,2005,113.0,19800.0,20600.0,58014000.0,2930.0,23.985654205607478,29.77177570093458,18.198971962616824,1203.35,74,11
SANTA ROSA,2006,113.0,13900.0,15300.0,36488000.0,2625.0,24.610934579439252,31.026214953271026,18.1957476635514,699.36,104,6
SANTA ROSA,2007,113.0,15100.0,16700.0,46810000.0,3100.0,24.493785046728973,30.513738317757007,18.47317757009346,846.12,89,7
SANTA ROSA,2008,113.0,19600.0,21000.0,79677000.0,4065.0,24.023598130841123,29.680934579439253,18.366355140186915,849.29,79,10
SANTA ROSA,2009,113.0,12100.0,12800.0,41810000.0,3455.0,24.322383177570092,29.60551401869159,19.039345794392524,1083.95,56,14
SANTA ROSA,2010,113.0,17100.0,17800.0,68000000.0,3977.0,24.929345794392525,30.970280373831777,18.88822429906542,701.18,99,2
SANTA ROSA,2011,113.0,14900.0,16000.0,58000000.0,3893.0,24.478457943925235,30.991308411214955,17.966168224299068,589.58,103,5
SANTA ROSA,2012,113.0,23500.0,25300.0,105000000.0,4468.0,24.33626168224299,30.101401869158877,18.57088785046729,977.73,65,8
SANTA ROSA,2013,113.0,18300.0,19400.0,81800000.0,4470.0,24.066355140186914,29.385747663551403,18.747383177570093,1091.54,64,14
SANTA ROSA,2014,113.0,22000.0,23000.0,109700000.0,4986.0,23.83364485981308,29.62714953271028,18.03906542056075,1105.07,73,11
SANTA ROSA,2015,113.0,25300.0,26000.0,87250000.0,3449.0,24.795887850467288,30.619158878504674,18.97247663551402,873.99,88,7
SANTA ROSA,2016,113.0,15100.0,16100.0,67800000.0,4490.0,24.91644859813084,30.48406542056075,19.348457943925233,775.62,83,6
SANTA ROSA,2017,113.0,18900.0,19800.0,80900000.0,4280.0,23.972476635514017,29.2064953271028,18.738457943925233,1375.3899999999999,38,15
SANTA ROSA,2018,113.0,16700.0,17700.0,71280000.0,4268.0,24.500981308411216,29.93443925233645,19.067289719626167,1045.2,64,8
SANTA ROSA,2020,113.0,19400.0,20300.0,81210000.0,4186.0,24.458691588785047,29.809205607476635,19.10822429906542,1287.73,67,11
SANTA ROSA,2021,113.0,19200.0,20000.0,75840000.0,3950.0,24.08411214953271,29.233084112149534,18.934485981308413,1539.64,49,16
SANTA ROSA,2022,113.0,18300.0,19300.0,76720000.0,4192.0,24.730981308411216,30.448271028037386,19.0142523364486,965.0600000000001,83,10
SANTA ROSA,2023,113.0,20400.0,21400.0,45390000.0,2225.0,25.051915887850466,31.03733644859813,19.066355140186914,682.91,96,7
SANTA ROSA,2024,113.0,18700.0,19600.0,73380000.0,3924.0,25.032056074766352,30.66677570093458,19.39728971962617,858.05,91,6
SUMTER,2003,119.0,800.0,900.0,2304000.0,2880.0,25.260467289719625,30.880046728971962,19.6407476635514,1058.2,79,9
SUMTER,2004,119.0,800.0,900.0,2136000.0,2670.0,25.226028037383177,31.1157476635514,19.336495327102806,1090.3,98,9
SUMTER,2005,119.0,1100.0,1200.0,2926000.0,2660.0,25.13140186915888,30.662570093457944,19.6003738317757,1116.47,88,10
SUMTER,2006,119.0,1100.0,1300.0,2453000.0,2230.0,25.51602803738318,31.704485981308412,19.32869158878505,722.76,112,8
SUWANNEE,1991,121.0,6050.0,,17152000.0,2835.0,24.683551401869156,30.503831775700935,18.863084112149533,1126.79,71,11
SUWANNEE,1992,121.0,4100.0,,11690000.0,2850.0,23.433738317757008,29.80051401869159,17.067196261682245,933.15,78,7
SUWANNEE,1993,121.0,4200.0,,11601000.0,2760.0,24.051728971962614,31.021168224299064,17.082009345794393,653.68,111,5
SUWANNEE,1994,121.0,4400.0,4800.0,13639000.0,3100.0,24.04897196261682,30.13481308411215,17.96322429906542,1134.61,64,12
SUWANNEE,1995,121.0,4300.0,4700.0,12630000.0,2935.0,24.61570093457944,30.955233644859813,18.275654205607477,762.94,102,10
SUWANNEE,1996,121.0,4500.0,4800.0,13755000.0,3055.0,23.91317757009346,30.266915887850466,17.559766355140187,995.72,82,9
SUWANNEE,1997,121.0,4600.0,5000.0,16004000.0,3480.0,23.70864485981308,29.9853738317757,17.43196261682243,910.05,75,8
SUWANNEE,1998,121.0,5300.0,5700.0,14440000.0,2725.0,25.41481308411215,31.711308411214954,19.118271028037384,1015.23,105,10
SUWANNEE,1999,121.0,4600.0,4900.0,12292000.0,2670.0,24.55088785046729,30.890233644859816,18.211682242990655,790.27,80,8
SUWANNEE,2000,121.0,4200.0,4600.0,9387000.0,2235.0,24.053644859813083,30.88682242990654,17.2207476635514,723.29,101,4
SUWANNEE,2001,121.0,4000.0,4300.0,12971000.0,3245.0,23.81892523364486,30.34976635514019,17.288130841121493,806.81,79,5
SUWANNEE,2002,121.0,3600.0,4000.0,9352000.0,2600.0,24.976775700934578,31.008831775700937,18.944532710280374,758.47,88,3
SUWANNEE,2003,121.0,3800.0,4100.0,10223000.0,2690.0,23.956682242990652,29.714205607476636,18.198878504672898,935.05,49,7
SUWANNEE,2004,121.0,3700.0,4700.0,9361000.0,2530.0,24.468738317757012,30.68588785046729,18.251822429906543,1186.21,85,8
SUWANNEE,2005,121.0,8400.0,9100.0,29441000.0,3505.0,24.230654205607475,30.299579439252334,18.161588785046728,935.81,89,7
SUWANNEE,2006,121.0,8800.0,9600.0,24992000.0,2840.0,24.54658878504673,31.180654205607475,17.913364485981308,655.65,95,4
SUWANNEE,2008,121.0,9200.0,9800.0,34800000.0,3785.0,24.09967289719626,30.387570093457942,17.81177570093458,829.41,81,8
SUWANNEE,2010,121.0,9400.0,10200.0,35400000.0,3766.0,24.952102803738317,31.604719626168222,18.300046728971964,767.59,113,4
SUWANNEE,2011,121.0,13000.0,14100.0,50000000.0,3846.0,24.76733644859813,31.865747663551403,17.66967289719626,736.67,129,7
SUWANNEE,2012,121.0,15800.0,17000.0,67000000.0,4241.0,24.715467289719626,30.9107476635514,18.520046728971963,1398.74,93,13
SUWANNEE,2013,121.0,8600.0,9200.0,40100000.0,4663.0,24.287196261682244,30.362757009345795,18.21144859813084,984.05,86,7
SUWANNEE,2014,121.0,10400.0,10900.0,49500000.0,4760.0,24.637149532710282,30.829906542056076,18.444205607476636,1171.4,95,12
SUWANNEE,2015,121.0,8400.0,10500.0,41500000.0,4940.0,25.35766355140187,31.146962616822428,19.568504672897195,881.67,104,4
SUWANNEE,2016,121.0,10800.0,11300.0,46300000.0,4287.0,25.147616822429907,31.579112149532712,18.71640186915888,918.11,110,9
SUWANNEE,2017,121.0,15000.0,16000.0,45500000.0,3033.0,24.80252336448598,30.803831775700935,18.80088785046729,1062.52,94,7
SUWANNEE,2020,121.0,12500.0,13100.0,46300000.0,3704.0,24.834158878504674,30.48126168224299,19.187196261682246,1134.52,72,6
SUWANNEE,2021,121.0,12900.0,13400.0,62070000.0,4812.0,24.40570093457944,30.194906542056074,18.616214953271026,1173.62,63,13
SUWANNEE,2024,121.0,11600.0,12200.0,46990000.0,4051.0,25.395607476635515,31.77682242990654,19.013691588785047,1090.6,114,8
WAKULLA,1991,129.0,700.0,,1400000.0,2000.0,24.891214953271028,30.692196261682245,19.090607476635512,981.27,83,7
WALTON,1991,131.0,6850.0,,13871000.0,2025.0,24.27014018691589,29.877056074766354,18.663457943925234,885.16,64,7
WALTON,1992,131.0,2800.0,,5655000.0,2020.0,23.135981308411218,28.752616822429907,17.519065420560747,925.76,42,7
WALTON,1993,131.0,4600.0,,10823000.0,2355.0,23.648130841121496,29.658037383177568,17.637710280373835,610.62,80,3
WALTON,1994,131.0,5000.0,5500.0,9073000.0,1815.0,23.510654205607477,28.825607476635515,18.195467289719627,1389.01,32,14
WALTON,1995,131.0,5300.0,5500.0,11964000.0,2255.0,24.115280373831776,29.970233644859814,18.26070093457944,1045.21,76,9
WALTON,1996,131.0,5500.0,6000.0,15101000.0,2745.0,23.471542056074767,29.33696261682243,17.605093457943923,992.8,62,12
WALTON,1997,131.0,5700.0,6200.0,12417000.0,2180.0,23.267383177570096,28.967383177570095,17.567056074766356,922.74,53,9
WALTON,1998,131.0,3800.0,4100.0,8257000.0,2175.0,24.850607476635513,30.47542056074766,19.22514018691589,1014.6,89,8
WALTON,1999,131.0,5500.0,5900.0,12205000.0,2220.0,24.016915887850466,29.850467289719628,18.183644859813086,780.45,55,6
WALTON,2000,131.0,4500.0,4900.0,9246000.0,2055.0,24.04481308411215,30.5096261682243,17.579859813084113,574.71,87,2
WALTON,2001,131.0,3600.0,4000.0,9730000.0,2705.0,23.378878504672898,29.21406542056075,17.543317757009344,816.67,39,4
WALTON,2002,131.0,5100.0,5700.0,11044000.0,2165.0,24.70177570093458,29.97289719626168,19.430794392523364,1057.07,61,9
WALTON,2003,131.0,4600.0,5000.0,10157000.0,2210.0,23.85971962616822,29.187570093457946,18.532056074766356,1324.54,28,14
WALTON,2004,131.0,3600.0,4300.0,7956000.0,2210.0,24.00102803738318,29.77747663551402,18.225,987.45,61,8
WALTON,2005,131.0,4900.0,5100.0,10339000.0,2110.0,23.89158878504673,29.684906542056073,18.098457943925233,1074.72,69,12
WALTON,2006,131.0,2500.0,2500.0,5675000.0,2270.0,24.501542056074765,30.81911214953271,18.18378504672897,678.24,101,3
WALTON,2007,131.0,2400.0,3000.0,6672000.0,2780.0,24.53280373831776,30.506214953271027,18.55827102803738,740.47,88,6
WALTON,2008,131.0,3000.0,3200.0,9000000.0,3000.0,23.868317757009343,29.6257476635514,18.110981308411215,827.92,71,9
WALTON,2009,131.0,3400.0,3600.0,9800000.0,2880.0,24.18771028037383,29.528364485981307,18.846915887850468,1219.57,55,13
WALTON,2011,131.0,5100.0,5500.0,17000000.0,3333.0,24.415934579439252,31.028691588785048,17.803504672897194,697.92,106,6
WALTON,2012,131.0,4100.0,4400.0,16800000.0,4098.0,24.14177570093458,30.04088785046729,18.242102803738316,1094.06,63,13
WALTON,2015,131.0,5100.0,5300.0,18250000.0,3578.0,25.025794392523366,30.778177570093458,19.273598130841123,855.38,94,5
WASHINGTON,1991,133.0,2250.0,,6401000.0,2845.0,24.540420560747663,30.280514018691587,18.801028037383176,867.35,73,4
WASHINGTON,1992,133.0,1700.0,,4522000.0,2660.0,23.3892523364486,29.270981308411216,17.507990654205607,883.73,57,9
WASHINGTON,1993,133.0,2000.0,,5504000.0,2750.0,23.867196261682242,30.28130841121495,17.453738317757008,571.78,92,2
WASHINGTON,1994,133.0,2000.0,2200.0,3353000.0,1675.0,23.746635514018692,29.220140186915888,18.272943925233644,1170.03,41,12
WASHINGTON,1995,133.0,2100.0,2300.0,5207000.0,2480.0,24.482102803738318,30.597850467289717,18.366682242990652,889.2099999999999,94,10
WASHINGTON,1996,133.0,1600.0,1700.0,4980000.0,3115.0,23.631728971962616,29.66785046728972,17.595420560747662,937.47,68,10
WASHINGTON,1997,133.0,1300.0,1400.0,4394000.0,3380.0,23.463177570093457,29.338644859813087,17.588411214953272,881.98,60,8
WASHINGTON,1998,133.0,1600.0,1700.0,4617000.0,2885.0,25.115654205607477,31.00817757009346,19.22224299065421,944.54,100,9
WASHINGTON,1999,133.0,1500.0,1600.0,4727000.0,3150.0,24.294579439252335,30.290373831775703,18.298785046728973,848.53,64,8
WASHINGTON,2000,133.0,1500.0,1600.0,4203000.0,2800.0,24.330093457943928,31.10971962616822,17.550467289719627,552.42,103,4
WASHINGTON,2001,133.0,1800.0,2000.0,7008000.0,3895.0,23.710560747663553,29.80570093457944,17.61518691588785,873.56,69,5
WASHINGTON,2002,133.0,1500.0,1700.0,4677000.0,3120.0,24.925794392523365,30.469485981308413,19.381915887850464,1069.86,78,10
WASHINGTON,2003,133.0,2000.0,2100.0,6392000.0,3195.0,24.26747663551402,29.797383177570094,18.738224299065422,1129.49,49,11
WASHINGTON,2004,133.0,2100.0,2500.0,6426000.0,3060.0,24.220140186915888,30.220887850467292,18.220140186915888,981.23,81,10
WASHINGTON,2005,133.0,1900.0,2000.0,6669000.0,3510.0,24.147943925233644,29.98607476635514,18.31004672897196,915.31,84,9
WASHINGTON,2006,133.0,2200.0,2400.0,6182000.0,2810.0,24.73481308411215,31.232383177570092,18.238130841121496,677.32,112,4
WASHINGTON,2008,133.0,3100.0,3300.0,11470000.0,3700.0,23.928878504672895,29.792196261682243,18.06621495327103,807.34,76,9
WASHINGTON,2009,133.0,2400.0,2500.0,7900000.0,3290.0,24.364485981308412,29.86261682242991,18.865514018691588,1066.95,66,11
WASHINGTON,2010,133.0,3900.0,4100.0,15000000.0,3846.0,25.258411214953274,31.66130841121495,18.85654205607477,667.55,106,3
WASHINGTON,2011,133.0,4100.0,4400.0,16000000.0,3902.0,24.679906542056074,31.567663551401868,17.79196261682243,611.14,113,5
WASHINGTON,2012,133.0,4000.0,4300.0,16600000.0,4150.0,24.257196261682243,30.27710280373832,18.237570093457943,1014.77,76,9
WASHINGTON,2014,133.0,4100.0,4300.0,17900000.0,4366.0,24.159906542056078,30.160280373831778,18.16,963.21,89,10
WASHINGTON,2016,133.0,3400.0,3600.0,14800000.0,4353.0,24.920981308411214,31.11196261682243,18.73051401869159,889.8,101,8
WASHINGTON,2017,133.0,3700.0,3900.0,14000000.0,3784.0,24.50995327102804,30.495887850467287,18.523364485981308,973.63,80,13
WASHINGTON,2019,133.0,3200.0,3400.0,12500000.0,3906.0,25.56771028037383,31.8953738317757,19.23995327102804,759.64,129,7
WASHINGTON,2021,133.0,4040.0,4200.0,13090000.0,3240.0,24.297429906542053,30.134906542056076,18.46,1265.3,73,13
