region_name,number of years with yield data per county,mean yield (lb/acre),std dev of yield (lb/acre)
ALACHUA,17,2708.823529411765,433.01100379986275
CALHOUN,26,2913.9615384615386,637.3385587437327
COLUMBIA,21,2218.6666666666665,644.0338759206176
ESCAMBIA,25,3559.92,633.3282403303992
GADSDEN,18,2122.8888888888887,410.4827701319063
GILCHRIST,17,2260.0,441.68003124433875
HAMILTON,6,3152.0,700.4612765885064
HOLMES,27,2446.5555555555557,531.7620443345611
JACKSON,34,2935.205882352941,541.9804748474475
JEFFERSON,18,2777.777777777778,468.05046931935163
LAFAYETTE,5,3824.8,1255.9891321185864
LEON,6,2286.6666666666665,576.4778110792008
LEVY,22,3129.090909090909,529.9003418515337
MADISON,23,3077.0434782608695,615.4692576519355
MARION,17,2695.235294117647,465.95902843111713
OKALOOSA,24,3005.25,692.6992728512828
SANTA ROSA,33,3545.6969696969695,671.4530179417097
SUMTER,4,2610.0,272.88581250527966
SUWANNEE,28,3426.535714285714,781.1393616896745
WAKULLA,1,2000.0,
WALTON,22,2508.3636363636365,575.6595840511619
WASHINGTON,26,3302.576923076923,627.6927384048295
